{"cameraMode":{"drawMode":0,"name":"Shaded","section":"Shading Mode"},"sceneLighting":true,"audioPlay":false,"sceneViewState":{"showFog":true,"showMaterialUpdate":true,"showSkybox":true,"showFlares":true,"showImageEffects":true,"showParticleSystems":true},"in2DMode":false,"pivot":{"x":-10.263737678527832,"y":-2.210178852081299,"z":10.852046966552735},"rotation":{"x":-0.10844163596630097,"y":-0.2153308093547821,"z":0.02406908944249153,"w":-0.9702069759368897},"size":22.08478546142578,"orthographic":false}