{"cameraMode":{"drawMode":0,"name":"Shaded","section":"Shading Mode"},"sceneLighting":false,"audioPlay":false,"sceneViewState":{"showFog":true,"showMaterialUpdate":true,"showSkybox":false,"showFlares":true,"showImageEffects":true,"showParticleSystems":true},"in2DMode":false,"pivot":{"x":-2.8349342346191408,"y":3.586606979370117,"z":-2.0662689208984377},"rotation":{"x":-0.10844163596630097,"y":-0.2153308093547821,"z":0.02406908944249153,"w":-0.9702069759368897},"size":0.8660253286361694,"orthographic":false}